<?xml version="1.0" encoding="UTF-8"?>
<!DOCTYPE struts SYSTEM "struts-2.0.dtd" >
<struts>
    <package name="default" extends="struts-default">
        <action name="register" class="exam.action.RegisterAction">
            <result name="success">welcome.jsp</result>
             <result name="error">signup-error.jsp</result>
            </action>
            
         <action name="login" class="exam.action.LoginAction">
            <result name="success">welcome.jsp</result>
             <result name="error">login-error.jsp</result>
            </action>
            
     </package>
</struts>
